{
  "USA/WI-UW-156/2020": {
    "frequencies": [
      0.00557,
      0.008345,
      0.010262,
      0.008792,
      0.003637
    ]
  },
  "USA/WI-UW-157/2020": {
    "frequencies": [
      0.05982,
      0.037384,
      0.017191,
      0.006144,
      0.00106
    ]
  },
  "USA/WI-UW-158/2020": {
    "frequencies": [
      0.05982,
      0.037384,
      0.017191,
      0.006144,
      0.00106
    ]
  },
  "USA/WI-UW-159/2020": {
    "frequencies": [
      0.05982,
      0.037384,
      0.017191,
      0.006144,
      0.00106
    ]
  },
  "USA/WI-UW-160/2020": {
    "frequencies": [
      0.05982,
      0.037384,
      0.017191,
      0.006144,
      0.00106
    ]
  },
  "USA/WI-UW-161/2020": {
    "frequencies": [
      0.001982,
      0.004213,
      0.007678,
      0.009333,
      0.005478
    ]
  },
  "USA/WI-UW-162/2020": {
    "frequencies": [
      0.001982,
      0.004213,
      0.007678,
      0.009333,
      0.005478
    ]
  },
  "USA/WI-UW-165/2020": {
    "frequencies": [
      0.038109,
      0.028367,
      0.01588,
      0.00676,
      0.00139
    ]
  },
  "USA/WI-UW-166/2020": {
    "frequencies": [
      0.038109,
      0.028367,
      0.01588,
      0.00676,
      0.00139
    ]
  },
  "USA/WI-UW-168/2020": {
    "frequencies": [
      0.023989,
      0.021269,
      0.014495,
      0.00735,
      0.001799
    ]
  },
  "USA/WI-UW-170/2020": {
    "frequencies": [
      0.023989,
      0.021269,
      0.014495,
      0.00735,
      0.001799
    ]
  },
  "USA/WI-UW-171/2020": {
    "frequencies": [
      0.023989,
      0.021269,
      0.014495,
      0.00735,
      0.001799
    ]
  },
  "USA/WI-UW-172/2020": {
    "frequencies": [
      0.023989,
      0.021269,
      0.014495,
      0.00735,
      0.001799
    ]
  },
  "USA/WI-UW-173/2020": {
    "frequencies": [
      0.018948,
      0.018334,
      0.013787,
      0.007629,
      0.002039
    ]
  },
  "USA/WI-UW-176/2020": {
    "frequencies": [
      0.018948,
      0.018334,
      0.013787,
      0.007629,
      0.002039
    ]
  },
  "USA/WI-UW-177/2020": {
    "frequencies": [
      0.018948,
      0.018334,
      0.013787,
      0.007629,
      0.002039
    ]
  },
  "USA/WI-UW-178/2020": {
    "frequencies": [
      0.018948,
      0.018334,
      0.013787,
      0.007629,
      0.002039
    ]
  },
  "USA/WI-UW-179/2020": {
    "frequencies": [
      0.014922,
      0.015758,
      0.013074,
      0.007896,
      0.002302
    ]
  },
  "USA/WI-UW-181/2020": {
    "frequencies": [
      0.011716,
      0.013503,
      0.012361,
      0.008148,
      0.002593
    ]
  },
  "USA/WI-UW-182/2020": {
    "frequencies": [
      0.011716,
      0.013503,
      0.012361,
      0.008148,
      0.002593
    ]
  },
  "USA/WI-UW-183/2020": {
    "frequencies": [
      0.011716,
      0.013503,
      0.012361,
      0.008148,
      0.002593
    ]
  },
  "USA/WI-UW-184/2020": {
    "frequencies": [
      0.011716,
      0.013503,
      0.012361,
      0.008148,
      0.002593
    ]
  },
  "USA/WI-UW-185/2020": {
    "frequencies": [
      0.011716,
      0.013503,
      0.012361,
      0.008148,
      0.002593
    ]
  },
  "USA/WI-UW-186/2020": {
    "frequencies": [
      0.009172,
      0.011536,
      0.011652,
      0.008382,
      0.002911
    ]
  },
  "USA/WI-UW-187/2020": {
    "frequencies": [
      0.009172,
      0.011536,
      0.011652,
      0.008382,
      0.002911
    ]
  },
  "USA/WI-UW-188/2020": {
    "frequencies": [
      0.009172,
      0.011536,
      0.011652,
      0.008382,
      0.002911
    ]
  },
  "USA/WI-UW-189/2020": {
    "frequencies": [
      0.009172,
      0.011536,
      0.011652,
      0.008382,
      0.002911
    ]
  },
  "USA/WI-UW-190/2020": {
    "frequencies": [
      0.009172,
      0.011536,
      0.011652,
      0.008382,
      0.002911
    ]
  },
  "USA/WI-UW-191/2020": {
    "frequencies": [
      0.009172,
      0.011536,
      0.011652,
      0.008382,
      0.002911
    ]
  },
  "USA/WI-UW-192/2020": {
    "frequencies": [
      0.009172,
      0.011536,
      0.011652,
      0.008382,
      0.002911
    ]
  },
  "USA/WI-UW-195/2020": {
    "frequencies": [
      0.007158,
      0.009826,
      0.010951,
      0.008597,
      0.003259
    ]
  },
  "USA/WI-UW-196/2020": {
    "frequencies": [
      0.014922,
      0.015758,
      0.013074,
      0.007896,
      0.002302
    ]
  },
  "USA/WI-UW-197/2020": {
    "frequencies": [
      0.007158,
      0.009826,
      0.010951,
      0.008597,
      0.003259
    ]
  },
  "USA/WI-UW-200/2020": {
    "frequencies": [
      0.007158,
      0.009826,
      0.010951,
      0.008597,
      0.003259
    ]
  },
  "USA/WI-UW-205/2020": {
    "frequencies": [
      0.00557,
      0.008345,
      0.010262,
      0.008792,
      0.003637
    ]
  },
  "USA/WI-UW-207/2020": {
    "frequencies": [
      0.009172,
      0.011536,
      0.011652,
      0.008382,
      0.002911
    ]
  },
  "USA/WI-UW-208/2020": {
    "frequencies": [
      0.00557,
      0.008345,
      0.010262,
      0.008792,
      0.003637
    ]
  },
  "USA/WI-UW-209/2020": {
    "frequencies": [
      0.00557,
      0.008345,
      0.010262,
      0.008792,
      0.003637
    ]
  },
  "USA/WI-UW-210/2020": {
    "frequencies": [
      0.007158,
      0.009826,
      0.010951,
      0.008597,
      0.003259
    ]
  },
  "USA/WI-UW-211/2020": {
    "frequencies": [
      0.00557,
      0.008345,
      0.010262,
      0.008792,
      0.003637
    ]
  },
  "USA/WI-UW-212/2020": {
    "frequencies": [
      0.00557,
      0.008345,
      0.010262,
      0.008792,
      0.003637
    ]
  },
  "USA/WI-UW-213/2020": {
    "frequencies": [
      0.00557,
      0.008345,
      0.010262,
      0.008792,
      0.003637
    ]
  },
  "USA/WI-UW-215/2020": {
    "frequencies": [
      0.00557,
      0.008345,
      0.010262,
      0.008792,
      0.003637
    ]
  },
  "USA/WI-UW-216/2020": {
    "frequencies": [
      0.00557,
      0.008345,
      0.010262,
      0.008792,
      0.003637
    ]
  },
  "USA/WI-UW-217/2020": {
    "frequencies": [
      0.00557,
      0.008345,
      0.010262,
      0.008792,
      0.003637
    ]
  },
  "USA/WI-UW-218/2020": {
    "frequencies": [
      0.00557,
      0.008345,
      0.010262,
      0.008792,
      0.003637
    ]
  },
  "USA/WI-UW-219/2020": {
    "frequencies": [
      0.00557,
      0.008345,
      0.010262,
      0.008792,
      0.003637
    ]
  },
  "USA/WI-UW-221/2020": {
    "frequencies": [
      0.00557,
      0.008345,
      0.010262,
      0.008792,
      0.003637
    ]
  },
  "USA/WI-UW-222/2020": {
    "frequencies": [
      0.00557,
      0.008345,
      0.010262,
      0.008792,
      0.003637
    ]
  },
  "USA/WI-UW-223/2020": {
    "frequencies": [
      0.004322,
      0.007066,
      0.009587,
      0.008964,
      0.004047
    ]
  },
  "USA/WI-UW-225/2020": {
    "frequencies": [
      0.004322,
      0.007066,
      0.009587,
      0.008964,
      0.004047
    ]
  },
  "USA/WI-UW-226/2020": {
    "frequencies": [
      0.004322,
      0.007066,
      0.009587,
      0.008964,
      0.004047
    ]
  },
  "USA/WI-UW-227/2020": {
    "frequencies": [
      0.004322,
      0.007066,
      0.009587,
      0.008964,
      0.004047
    ]
  },
  "USA/WI-UW-228/2020": {
    "frequencies": [
      0.004322,
      0.007066,
      0.009587,
      0.008964,
      0.004047
    ]
  },
  "USA/WI-UW-229/2020": {
    "frequencies": [
      0.004322,
      0.007066,
      0.009587,
      0.008964,
      0.004047
    ]
  },
  "USA/WI-UW-230/2020": {
    "frequencies": [
      0.004322,
      0.007066,
      0.009587,
      0.008964,
      0.004047
    ]
  },
  "USA/WI-UW-231/2020": {
    "frequencies": [
      0.004322,
      0.007066,
      0.009587,
      0.008964,
      0.004047
    ]
  },
  "USA/WI-UW-232/2020": {
    "frequencies": [
      0.003343,
      0.005965,
      0.00893,
      0.009113,
      0.00449
    ]
  },